{"cameraMode":{"drawMode":0,"name":"Shaded","section":"Shading Mode"},"sceneLighting":false,"audioPlay":false,"sceneViewState":{"m_AlwaysRefresh":false,"showFog":true,"showSkybox":false,"showFlares":true,"showImageEffects":true,"showParticleSystems":true,"showVisualEffectGraphs":true,"m_FxEnabled":true},"in2DMode":false,"pivot":{"x":0.9513999819755554,"y":0.35137224197387698,"z":-0.47141242027282717},"rotation":{"x":0.08171220868825913,"y":-0.761946976184845,"z":0.09787634760141373,"w":0.6354696154594421},"size":1.901978611946106,"orthographic":false}