{"cameraMode":{"drawMode":0,"name":"Shaded","section":"Shading Mode"},"sceneLighting":false,"audioPlay":false,"sceneViewState":{"m_AlwaysRefresh":false,"showFog":true,"showSkybox":false,"showFlares":true,"showImageEffects":true,"showParticleSystems":true,"showVisualEffectGraphs":true,"m_FxEnabled":true},"in2DMode":false,"pivot":{"x":-2.384185791015625e-7,"y":0.8887109756469727,"z":-0.004410207271575928},"rotation":{"x":-0.2733808755874634,"y":0.33213669061660769,"z":-0.10122829675674439,"w":-0.897074818611145},"size":1.3717647790908814,"orthographic":false}